userId,AvgRating,TotalRatings,Cluster
1,3.6283185840707963,113,4
2,3.896551724137931,29,0
3,3.7945205479452055,73,0
4,4.161290322580645,124,0
5,3.1838235294117645,68,0
6,4.155737704918033,61,0
7,3.639751552795031,161,4
8,3.7966101694915255,59,0
9,2.7024793388429753,121,0
10,3.4565217391304346,23,0
11,3.5257731958762886,97,0
12,3.05,20,0
13,3.4285714285714284,28,0
14,3.4761904761904763,21,0
15,4.8493150684931505,73,0
16,4.0246913580246915,81,0
17,3.9714285714285715,140,0
18,3.4072164948453607,97,0
19,3.32,100,0
20,3.4215686274509802,51,0
21,3.72,100,0
22,3.111940298507463,201,0
23,3.5078125,64,0
24,3.871794871794872,273,4
25,2.64,150,0
26,3.05,20,0
27,4.073170731707317,41,0
28,3.525925925925926,135,4
29,3.236051502145923,233,4
30,3.902061855670103,97,0
31,3.893617021276596,47,0
32,4.144927536231884,276,4
33,4.166666666666667,96,0
34,4.0,28,0
35,3.71875,32,0
36,3.75,32,0
37,4.051724137931035,58,0
38,2.9506849315068493,365,4
39,3.9583333333333335,24,0
40,3.0344827586206895,29,0
41,4.048543689320389,103,0
42,4.083333333333333,66,0
43,3.1956521739130435,23,0
44,3.2801932367149758,207,4
45,3.6769230769230767,65,0
46,3.767123287671233,73,0
47,3.909090909090909,88,0
48,3.075,20,0
49,3.259259259259259,27,0
50,3.2,120,0
51,4.05,20,0
52,3.712962962962963,54,0
53,3.6363636363636362,33,0
54,3.1345291479820627,223,4
55,3.574074074074074,27,0
56,4.153846153846154,26,0
57,4.130208333333333,96,0
58,1.975,20,0
59,3.9651162790697674,43,0
60,3.599009900990099,202,4
61,3.3797468354430378,158,0
62,2.2931201550387597,1032,3
63,3.1007226738934057,1107,3
64,2.7547169811320753,53,0
65,3.5555555555555554,45,0
66,3.0736543909348444,353,4
67,3.769230769230769,26,0
68,3.88,25,0
69,3.4368421052631577,380,4
70,4.171052631578948,38,0
71,4.168571428571428,175,4
72,3.4662162162162162,148,0
73,3.8181818181818183,22,0
74,2.839622641509434,53,0
75,3.7333333333333334,60,0
76,4.204545454545454,22,0
77,3.675675675675676,74,0
78,5.0,35,0
79,3.6822916666666665,96,0
80,3.966666666666667,30,0
81,4.0,23,0
82,3.847826086956522,23,0
83,3.3435374149659864,147,0
84,3.9722222222222223,54,0
85,4.078431372549019,51,0
86,3.8189655172413794,58,0
87,3.5533088235294117,272,4
88,4.104166666666667,720,3
89,3.311111111111111,225,4
90,2.0476190476190474,21,0
91,4.111111111111111,36,0
92,3.6842105263157894,38,0
93,3.5714285714285716,35,0
94,3.4444444444444446,36,0
95,3.121212121212121,33,0
96,2.938775510204082,49,0
97,4.098214285714286,112,0
98,3.5,24,0
99,3.1904761904761907,21,0
100,3.3870967741935485,62,0
101,4.173611111111111,72,0
102,3.5634920634920637,126,0
103,3.769230769230769,39,0
104,3.6534653465346536,101,0
105,3.5727272727272728,110,0
106,4.473684210526316,57,0
107,3.449238578680203,394,4
108,4.324074074074074,108,4
109,4.1393034825870645,804,3
110,4.101851851851852,270,4
111,3.864864864864865,37,0
112,4.046875,64,0
113,3.408235294117647,425,4
114,3.6167664670658684,167,0
115,2.36,50,0
116,3.925925925925926,27,0
117,3.588235294117647,34,0
118,3.3529411764705883,323,4
119,4.533333333333333,60,0
120,4.413043478260869,46,0
121,4.0144927536231885,69,0
122,3.5416666666666665,312,4
123,3.672727272727273,165,0
124,4.388059701492537,134,0
125,2.375,20,0
126,3.811111111111111,45,0
127,2.810344827586207,58,0
128,3.418359057676686,1231,2
129,2.814814814814815,27,0
130,2.4672566371681417,565,4
131,3.761904761904762,21,0
132,3.9714285714285715,35,0
133,3.2162162162162162,74,0
134,4.142857142857143,70,0
135,3.8676470588235294,68,0
136,3.9,35,0
137,3.737942122186495,311,4
138,4.116666666666666,60,0
139,3.6343283582089554,134,0
140,3.0,180,0
141,3.5113636363636362,44,0
142,4.095238095238095,21,0
143,4.2153846153846155,65,0
144,4.630434782608695,69,0
145,4.176470588235294,68,0
146,3.99009900990099,101,0
147,4.276923076923077,195,4
148,3.189873417721519,79,0
149,4.049295774647887,142,4
150,3.8405797101449277,207,0
151,3.717391304347826,46,0
152,4.032258064516129,31,0
153,3.076923076923077,39,0
154,3.289473684210526,38,0
155,3.372549019607843,51,0
156,3.6494252873563218,348,4
157,3.6258992805755397,139,4
158,3.9029535864978904,237,4
159,3.4423076923076925,52,0
160,4.010416666666667,768,3
161,3.6790697674418604,215,4
162,3.3870967741935485,31,0
163,3.6804123711340204,97,0
164,3.951396648044693,895,3
165,3.3225806451612905,31,0
166,4.0,119,0
167,4.16887417218543,151,0
168,3.5180722891566263,166,4
169,3.09375,128,0
170,3.8125,56,0
171,3.8297872340425534,47,0
172,3.357142857142857,21,0
173,3.32,50,0
174,3.828125,160,0
175,3.8852459016393444,61,0
176,3.3789473684210525,95,0
177,3.180836707152497,741,3
178,4.064516129032258,31,0
179,2.800909090909091,550,4
180,3.641935483870968,155,0
181,3.46875,32,0
182,2.6481481481481484,54,0
183,3.269461077844311,167,4
184,3.152173913043478,23,0
185,3.55,30,0
186,3.5185185185185186,27,0
187,3.909090909090909,99,0
188,3.8363636363636364,275,4
189,4.342436974789916,238,0
190,2.9591836734693877,49,0
191,3.625,20,0
192,3.70873786407767,721,4
193,3.347107438016529,121,0
194,3.0519323671497585,414,0
195,3.9344262295081966,122,0
196,3.138211382113821,123,0
197,3.2,35,0
198,4.063432835820896,268,4
199,3.3962264150943398,159,0
200,2.9523809523809526,21,0
201,3.1847133757961785,157,0
202,3.63265306122449,49,0
203,3.768292682926829,246,4
204,4.315789473684211,38,0
205,2.91044776119403,67,0
206,3.6,80,0
207,3.580952380952381,105,0
208,3.2333333333333334,30,0
209,4.059322033898305,118,0
210,3.9727891156462585,147,0
211,3.936619718309859,142,0
212,4.0,24,0
213,3.949367088607595,632,3
214,3.2,20,0
215,3.9473684210526314,38,0
216,3.769230769230769,26,0
217,3.4285714285714284,21,0
218,4.172922252010724,373,4
219,2.8225806451612905,124,0
220,3.471223021582734,834,3
221,4.310344827586207,29,0
222,3.9814814814814814,54,0
223,4.431372549019608,51,0
224,3.520304568527919,1182,3
225,4.16,25,0
226,4.269230769230769,52,0
227,4.032258064516129,31,0
228,4.015885022692889,661,3
229,2.7333333333333334,45,0
230,3.5337837837837838,74,0
231,4.089285714285714,28,0
232,3.8733286418015482,1421,2
233,3.6808510638297873,47,0
234,3.9072164948453607,97,0
235,3.2597938144329897,485,4
236,3.5384615384615383,195,4
237,3.761904761904762,21,0
238,4.052356020942408,191,4
239,2.9692307692307693,65,0
240,3.9,30,0
241,4.103260869565218,184,0
242,3.720689655172414,290,4
243,3.923076923076923,26,0
244,3.0017211703958693,581,4
245,3.66,100,0
246,3.6341463414634148,41,0
247,3.710280373831776,107,0
248,4.341463414634147,41,0
249,3.347826086956522,23,0
250,3.4101123595505616,267,4
251,3.22,25,0
252,3.8333333333333335,72,0
253,3.8529411764705883,119,0
254,4.290697674418604,43,0
255,3.3529874213836477,636,4
256,4.2272727272727275,22,0
257,4.0,20,0
258,3.323529411764706,34,0
259,3.690909090909091,55,0
260,3.3114754098360657,61,0
261,3.449324324324324,148,0
262,3.5,48,0
263,3.719298245614035,57,0
264,3.6818181818181817,44,0
265,4.161290322580645,31,0
266,4.105263157894737,38,0
267,4.074468085106383,94,0
268,3.0019083969465647,262,0
269,3.472826086956522,92,0
270,3.8636363636363638,44,0
271,3.642857142857143,42,0
272,3.878787878787879,33,0
273,3.551851851851852,135,0
274,3.563025210084034,119,0
275,3.601827676240209,383,0
276,3.6578947368421053,57,0
277,3.6066666666666665,150,0
278,3.611842105263158,152,4
279,3.9615384615384617,26,0
280,3.8636363636363638,44,0
281,3.824561403508772,57,0
282,4.009708737864078,103,0
283,3.1095890410958904,219,0
284,3.6538461538461537,26,0
285,3.9302325581395348,43,0
286,4.393939393939394,66,0
287,2.8181818181818183,33,0
288,2.725,20,0
289,4.426229508196721,61,0
290,3.811688311688312,77,0
291,3.6964285714285716,56,0
292,4.305555555555555,54,0
293,3.7045454545454546,22,0
294,4.132075471698113,106,4
295,3.4444444444444446,27,0
296,3.4270462633451957,281,4
297,3.607142857142857,28,0
298,3.703125,32,0
299,3.952991452991453,234,4
300,3.5168539325842696,89,0
301,3.9591836734693877,49,0
302,3.5,26,0
303,3.7586206896551726,464,4
304,3.7448979591836733,49,0
305,3.6530612244897958,49,0
306,4.3545454545454545,55,0
307,3.391304347826087,23,0
308,3.3402255639097747,266,4
309,2.9086294416243654,197,0
310,3.0365190365190364,1287,3
311,3.5949367088607596,79,0
312,3.875,48,0
313,3.525,20,0
314,3.6548672566371683,113,0
315,3.621661721068249,337,4
316,4.0,30,0
317,4.116666666666666,30,0
318,2.8205128205128207,39,0
319,4.345794392523365,107,0
320,2.2232142857142856,56,0
321,3.4871794871794872,39,0
322,3.790909090909091,110,0
323,4.3478260869565215,23,0
324,3.45,20,0
325,3.300925925925926,108,0
326,3.7096774193548385,124,0
327,3.409090909090909,44,0
328,3.3801652892561984,242,4
329,4.142857142857143,42,0
330,4.475663716814159,226,4
331,3.4006968641114983,287,0
332,4.480769230769231,26,0
333,3.53125,32,0
334,3.7906976744186047,43,0
335,3.78494623655914,93,0
336,3.3230769230769233,130,0
337,3.7714285714285714,175,4
338,3.85,100,0
339,4.171568627450981,102,4
340,2.9523809523809526,21,0
341,4.114754098360656,61,0
342,3.206896551724138,87,0
343,2.8597122302158273,139,0
344,2.9279279279279278,111,0
345,3.9245283018867925,106,0
346,4.04,25,0
347,3.896449704142012,169,0
348,3.701219512195122,164,4
349,3.4705882352941178,68,0
350,3.025,20,0
351,3.4615384615384617,26,0
352,3.150943396226415,424,4
353,3.7142857142857144,35,0
354,2.7841037204058625,887,3
355,3.619047619047619,21,0
356,2.870967741935484,31,0
357,2.9770114942528734,87,0
358,3.7147540983606557,305,4
359,4.418918918918919,37,0
360,3.7857142857142856,21,0
361,3.25,44,0
362,3.10625,80,0
363,3.5980392156862746,102,0
364,3.282258064516129,62,0
365,3.264705882352941,238,0
366,3.6732673267326734,101,0
367,3.6702127659574466,94,0
368,3.462962962962963,27,0
369,3.6606060606060606,165,4
370,4.029411764705882,34,0
371,3.2560975609756095,82,0
372,3.725806451612903,62,0
373,4.25,60,0
374,3.9107142857142856,28,0
375,4.168421052631579,95,0
376,2.8752362948960304,529,4
377,3.3333333333333335,24,0
378,4.205128205128205,39,0
379,3.0,22,0
380,4.067415730337078,178,4
381,3.369565217391304,46,0
382,4.067164179104478,67,0
383,3.372047244094488,254,4
384,3.8963414634146343,82,0
385,4.096774193548387,31,0
386,2.8413793103448275,290,0
387,4.062068965517241,290,4
388,4.075,20,0
389,4.336,250,4
390,3.9375,32,0
391,3.96,25,0
392,3.6842105263157894,38,0
393,3.985074626865672,67,0
394,3.2278481012658227,79,0
395,3.9285714285714284,28,0
396,4.326530612244898,49,0
397,3.8358208955223883,67,0
398,3.5238095238095237,21,0
399,3.723404255319149,517,4
400,3.9464285714285716,28,0
401,3.8392857142857144,56,0
402,2.8982658959537573,865,3
403,3.126491646778043,419,4
404,3.590909090909091,22,0
405,4.028528528528528,333,4
406,4.333333333333333,24,0
407,3.86,25,0
408,3.5806451612903225,62,0
409,3.39021164021164,378,4
410,2.8494152046783627,684,4
411,3.738095238095238,42,0
412,3.912621359223301,103,0
413,3.4341346153846155,1040,3
414,3.6158536585365852,82,0
415,4.442857142857143,105,0
416,3.14,50,0
417,4.5,38,0
418,3.959090909090909,110,0
419,4.244186046511628,43,0
420,3.3482142857142856,112,0
421,4.082191780821918,73,0
422,3.4898523985239853,542,4
423,3.5795454545454546,88,0
424,3.4731182795698925,93,0
425,3.4545454545454546,297,4
426,3.5680473372781063,169,4
427,3.4276315789473686,76,0
428,3.1,500,4
429,3.3295454545454546,88,0
430,3.526315789473684,38,0
431,3.4761904761904763,21,0
432,4.6,200,4
433,4.447368421052632,133,0
434,3.6506410256410255,156,0
435,4.181818181818182,55,0
436,3.407142857142857,140,0
437,4.264705882352941,34,0
438,3.748447204968944,161,0
439,3.611111111111111,36,0
440,3.760869565217391,138,0
441,4.095238095238095,21,0
442,3.311688311688312,77,0
443,3.927051671732523,329,4
444,3.6357615894039736,151,0
445,4.25531914893617,47,0
446,3.7974683544303796,79,0
447,2.6538461538461537,39,0
448,3.5545454545454547,110,0
449,3.8260869565217392,69,0
450,3.7037037037037037,27,0
451,3.7716165413533833,1064,3
452,3.423076923076923,26,0
453,3.814432989690722,97,0
454,3.823529411764706,34,0
455,4.065656565656566,99,0
456,3.4285714285714284,70,0
457,4.37037037037037,27,0
458,3.3712847555129435,2086,1
459,3.6666666666666665,75,0
460,3.903458213256484,347,4
461,3.4870646766169155,1005,3
462,3.6451612903225805,62,0
463,3.63125,80,0
464,2.9,20,0
465,3.8684210526315788,57,0
466,4.21,50,0
467,4.125,24,0
468,2.64,25,0
469,3.355300859598854,349,4
470,3.892857142857143,28,0
471,3.5665236051502145,233,4
472,3.9038461538461537,26,0
473,3.1555555555555554,90,0
474,4.292857142857143,70,0
475,3.2638110488390715,1249,3
476,3.95,80,0
477,3.625,24,0
478,3.8095238095238093,42,0
479,4.4035087719298245,57,0
480,3.848993288590604,298,4
481,3.418181818181818,110,0
482,3.0727272727272728,55,0
483,3.913793103448276,29,0
484,3.7474048442906573,289,4
485,2.6790123456790123,324,0
486,4.354838709677419,31,0
487,3.108695652173913,23,0
488,2.676470588235294,34,0
489,3.7222222222222223,36,0
490,3.94375,80,0
491,4.153846153846154,26,0
492,3.7,60,0
493,3.4799107142857144,224,4
494,4.053571428571429,28,0
495,3.5427350427350426,234,4
496,3.557142857142857,35,0
497,3.7,20,0
498,2.7794117647058822,68,0
499,4.071917808219178,146,0
500,4.44,25,0
501,3.466666666666667,225,4
502,4.241379310344827,29,0
503,4.1875,24,0
504,4.254716981132075,53,0
505,3.9555555555555557,90,0
506,3.334437086092715,151,4
507,3.806451612903226,31,0
508,3.0760869565217392,46,0
509,3.473684210526316,38,0
510,3.2465753424657535,73,0
511,3.023529411764706,85,0
512,3.381081081081081,185,0
513,4.3652173913043475,115,0
514,3.2142857142857144,21,0
515,3.62,50,0
516,3.6545454545454548,55,0
517,3.3,20,0
518,3.326530612244898,98,0
519,4.223404255319149,94,0
520,4.662162162162162,37,0
521,3.326797385620915,153,0
522,3.2375,80,0
523,4.090909090909091,22,0
524,3.7314814814814814,108,0
525,3.823529411764706,68,0
526,3.7058823529411766,34,0
527,3.6557377049180326,61,0
528,3.71256038647343,207,4
529,4.258620689655173,58,0
530,3.058270676691729,532,4
531,4.35632183908046,174,0
532,4.362790697674418,215,4
533,3.9107142857142856,28,0
534,3.7032967032967035,91,0
535,3.5357142857142856,84,0
536,3.5454545454545454,33,0
537,3.7610619469026547,113,0
538,4.068965517241379,29,0
539,3.659090909090909,44,0
540,3.8,30,0
541,3.8960573476702507,279,4
542,2.807875894988067,419,4
543,3.5526315789473686,114,0
544,3.794642857142857,224,4
545,2.9696969696969697,132,0
546,4.062222222222222,225,0
547,3.4324324324324325,74,0
548,3.731707317073171,41,0
549,3.8253968253968256,126,0
550,4.809523809523809,21,0
551,3.945945945945946,37,0
552,4.15625,32,0
553,3.56,25,0
554,3.787709497206704,179,4
555,4.18475073313783,341,4
556,3.8,60,0
557,3.5080645161290325,124,0
558,3.1986301369863015,146,0
559,4.206896551724138,29,0
560,4.045209176788124,741,3
561,3.5938967136150235,426,4
562,3.4831460674157304,89,0
563,3.7096774193548385,124,0
564,3.6,75,0
565,3.9375,32,0
566,3.861111111111111,54,0
567,3.175,760,3
568,3.7613636363636362,352,4
569,3.4600550964187327,363,4
570,4.12,25,0
571,3.68,25,0
572,3.4146341463414633,41,0
573,3.816666666666667,60,0
574,3.5625,208,4
575,3.0653859710962283,2837,1
576,3.668730650154799,646,4
577,3.670886075949367,79,0
578,4.077669902912621,206,0
579,3.2962962962962963,54,0
580,3.9876847290640396,203,4
581,4.017045454545454,88,0
582,4.103448275862069,29,0
583,3.888086642599278,277,4
584,4.240875912408759,274,4
585,3.5806451612903225,31,0
586,3.61,150,4
587,3.948717948717949,39,0
588,4.258215962441315,213,4
589,4.296296296296297,162,0
590,3.586520947176685,549,3
591,4.139784946236559,93,0
592,4.292857142857143,70,0
593,3.709090909090909,55,0
594,3.5096153846153846,52,0
595,4.0476190476190474,21,0
596,3.595744680851064,47,0
597,3.510022271714922,449,4
598,3.7027027027027026,37,0
599,4.406605922551253,439,4
600,4.026315789473684,532,4
601,4.101941747572815,206,0
602,3.611111111111111,108,0
603,3.7007299270072993,274,4
604,4.6,50,0
605,3.607235142118863,387,4
606,3.8455882352941178,136,0
607,3.0773809523809526,1176,3
608,3.5,22,0
609,2.6097560975609757,41,0
610,3.3088235294117645,136,0
611,3.4497041420118344,169,4
612,3.838709677419355,62,0
613,3.142857142857143,56,0
614,4.526162790697675,172,0
615,4.0475,400,4
616,4.055,100,0
617,3.7244897959183674,98,0
618,2.6785714285714284,28,0
619,3.613756613756614,189,0
620,3.087719298245614,114,0
621,2.3292682926829267,41,0
622,3.6148036253776437,331,0
623,3.8088235294117645,68,0
624,3.413793103448276,29,0
625,3.488095238095238,126,0
626,3.283333333333333,60,0
627,3.4904761904761905,1050,3
628,4.20873786407767,206,4
629,3.5294117647058822,34,0
630,3.5,28,0
631,3.953488372093023,43,0
632,3.7483660130718954,153,4
633,3.8627450980392157,153,4
634,3.591549295774648,71,0
635,3.6,25,0
636,3.3636363636363638,110,0
637,4.564814814814815,108,4
638,2.0833333333333335,24,0
639,3.9516129032258065,31,0
640,4.162790697674419,43,0
641,3.0,62,0
642,3.2875,200,0
643,4.235294117647059,34,0
644,3.723684210526316,76,0
645,2.475,20,0
646,3.6578947368421053,95,0
647,4.401162790697675,86,0
648,3.7096774193548385,31,0
649,3.6545454545454548,55,0
650,4.487421383647798,318,4
651,2.8732394366197185,71,0
652,4.180722891566265,83,0
653,3.9545454545454546,22,0
654,3.85,20,0
655,4.0,127,0
656,3.3620689655172415,116,0
657,2.6835443037974684,79,0
658,3.6129032258064515,31,0
659,3.233695652173913,276,4
660,3.7916666666666665,24,0
661,3.389473684210526,95,0
662,4.287581699346405,153,0
663,4.0,27,0
664,4.0675675675675675,74,0
665,3.211453744493392,227,0
666,3.3422222222222224,225,4
667,3.7905405405405403,74,0
668,2.7971997182106376,5678,1
